"0","key_words_crisis()
"
"2","depreciated: use lexicon()
"
"1","$Deregulation
"
"1","[1]"
"1"," ""privatization""   "
"1"," ""liberalization""  "
"1"," ""liberalize""      "
"1"," ""privatize""       "
"1"," ""deregulate""      "
"1","
"
"1","[6]"
"1"," ""demonopolization"""
"1"," ""deregulation""    "
"1","
"
"1","
"
"1","$Reform_agenda
"
"1","[1]"
"1"," ""reform""                "
"1"," ""reforming""             "
"1"," ""adjustment program""    "
"1"," ""structural adjustments"""
"1","
"
"1","[5]"
"1"," ""package""               "
"1"," ""structural program""    "
"1","
"
"1","
"
"1","$Trade_reforms
"
"1"," [1]"
"1"," ""trade and tariff programme""    "
"1"," ""trade and tariff program""      "
"1"," ""trade and tariff reform""       "
"1","
"
"1"," [4]"
"1"," ""trade liberalization""          "
"1"," ""liberalization of trade""       "
"1"," ""liberalize trade""              "
"1","
"
"1"," [7]"
"1"," ""opening to international trade"""
"1"," ""liberalize trade policy""       "
"1"," ""liberalization of tariffs""     "
"1","
"
"1","[10]"
"1"," ""remove tariffs""                "
"1"," ""lift tariffs""                  "
"1"," ""lifting tariffs""               "
"1","
"
"1","[13]"
"1"," ""open trade policy""             "
"1"," ""comply with WTO""               "
"1"," ""WTO""                           "
"1","
"
"1","[16]"
"1"," ""removing tariffs""              "
"1","
"
"1","
"
"1","$Financial_reforms
"
"1"," [1]"
"1"," ""financial reform""                      "
"1"," ""financial sector reform""               "
"1","
"
"1"," [3]"
"1"," ""reforms on the financial system""       "
"1"," ""reforms to the financial sector""       "
"1","
"
"1"," [5]"
"1"," ""liberalize the financial sector""       "
"1"," ""liberalization of the financial sector"""
"1","
"
"1"," [7]"
"1"," ""reforms to the financial sector""       "
"1"," ""reforming the financial sector""        "
"1","
"
"1"," [9]"
"1"," ""regulation of the financial sector""    "
"1"," ""deregulation of the financial sector""  "
"1","
"
"1","[11]"
"1"," ""deregulating the financial sector""     "
"1"," ""financial market regulation""           "
"1","
"
"1","[13]"
"1"," ""financial market deregulation""         "
"1"," ""regulation financial markets""          "
"1","
"
"1","[15]"
"1"," ""deregulation of financial markets""     "
"1"," ""regulating the financial sector""       "
"1","
"
"1","
"
"1","$Labor_market_reforms
"
"1"," [1]"
"1"," ""labor market reforms""              "
"1"," ""reforms to the labor market""       "
"1","
"
"1"," [3]"
"1"," ""labor market flexibility""          "
"1"," ""liberalization of the labor market"""
"1","
"
"1"," [5]"
"1"," ""liberalize the labor market""       "
"1"," ""flexibility of the labor market""   "
"1","
"
"1"," [7]"
"1"," ""flexibility of the labour market""  "
"1"," ""deregulation labor market""         "
"1","
"
"1"," [9]"
"1"," ""labor market framework""            "
"1"," ""labor reform""                      "
"1","
"
"1","
"
"1","$Tax_reforms
"
"1","[1]"
"1"," ""tax reform""                     "
"1"," ""fiscal reform""                  "
"1"," ""reform the tax system""          "
"1","
"
"1","[4]"
"1"," ""reform of indirect taxation""    "
"1"," ""tax package""                    "
"1"," ""tax administration""             "
"1","
"
"1","[7]"
"1"," ""modifications to the tax regime"""
"1","
"
"1","
"
"1","$Banking_reforms
"
"1"," [1]"
"1"," ""banking reform""                         "
"1"," ""banking sector reform""                  "
"1","
"
"1"," [3]"
"1"," ""reforms to the banking sector""          "
"1"," ""reforming the banking sector""           "
"1","
"
"1"," [5]"
"1"," ""reforming bank""                         "
"1"," ""regulation of the banking sector""       "
"1","
"
"1"," [7]"
"1"," ""liberalization of the banking sector""   "
"1"," ""liberalize the banking sector""          "
"1","
"
"1"," [9]"
"1"," ""banking supervision reform""             "
"1"," ""banking system consolidation""           "
"1","
"
"1","[11]"
"1"," ""bank restructuring reform""              "
"1"," ""desintermediation of the banking system"""
"1","
"
"1","[13]"
"1"," ""regulating the financial sector""        "
"1","
"
"1","
"
"1","$Peformance_criterion
"
"1"," [1]"
"1"," ""performance criteria""                             "
"1"," ""non observance of performance criterion""          "
"1","
"
"1"," [3]"
"1"," ""performance criteria were met""                    "
"1"," ""non observance""                                   "
"1","
"
"1"," [5]"
"1"," ""delay in the review""                              "
"1"," ""performance criteria and reviews""                 "
"1","
"
"1"," [7]"
"1"," ""completion of the second review""                  "
"1"," ""completion of the first review""                   "
"1","
"
"1"," [9]"
"1"," ""completion of the third review""                   "
"1"," ""completion of the second and third review""        "
"1","
"
"1","[11]"
"1"," ""status of implementation of prior actions""        "
"1"," ""record of policy implementation as been very slow"""
"1","
"
"1","[13]"
"1"," ""policy commitments""                               "
"1"," ""keep the program on track""                        "
"1","
"
"1","[15]"
"1"," ""program reviews""                                  "
"1"," ""waivers of the relevant performance criteria""     "
"1","
"
"1","[17]"
"1"," ""request for a waiver""                             "
"1"," ""reviews of the arrangement""                       "
"1","
"
"1","[19]"
"1"," ""rephasing of purchases""                           "
"1"," ""waiver for the non observance""                    "
"1","
"
"1","[21]"
"1"," ""review of economic performance""                   "
"1"," ""succesful implementation of the program""          "
"1","
"
"1","[23]"
"1"," ""fiscal performance criteria""                      "
"1"," ""modification of the fiscal performance criteria""  "
"1","
"
"1","[25]"
"1"," ""second review under the arrangement""              "
"1"," ""quantitative targets""                             "
"1","
"
"1","[27]"
"1"," ""were all met""                                     "
"1"," ""request waivers of the performance criteria""      "
"1","
"
"1","[29]"
"1"," ""policy slippage""                                  "
"1","
"
"1","
"
"1","$Program_extension
"
"1","[1]"
"1"," ""augmentation of SDR""                  "
"1"," ""emergency financial procedure""        "
"1","
"
"1","[3]"
"1"," ""extension of the stand-by arrangement"""
"1"," ""extension of the arrangement""         "
"1","
"
"1","[5]"
"1"," ""supplemental reserve facility""        "
"1"," ""augmentation of access under""         "
"1","
"
"1","[7]"
"1"," ""augmentation of the SBA""              "
"1","
"
"1","
"
"1","$Official_support
"
"1"," [1]"
"1"," ""ESFS""                                    "
"1"," ""European system of financial supervision"""
"1","
"
"1"," [3]"
"1"," ""ESM""                                     "
"1"," ""IRDB""                                    "
"1","
"
"1"," [5]"
"1"," ""ECB""                                     "
"1"," ""european commission""                     "
"1","
"
"1"," [7]"
"1"," ""development banks""                       "
"1"," ""official lending""                        "
"1","
"
"1"," [9]"
"1"," ""official support""                        "
"1"," ""World Bank""                              "
"1","
"
"1","[11]"
"1"," ""Official bilateral creditors""            "
"1"," ""Inter-American Development Bank""         "
"1","
"
"1","[13]"
"1"," ""Inter American Development Bank""         "
"1"," ""European stability mechanism""            "
"1","
"
"1","[15]"
"1"," ""Fed swap lines""                          "
"1","
"
"1","
"
"1","$Technical_assistance
"
"1","[1]"
"1"," ""technical assistance"""
"1","
"
"1","
"
"1","$Precautionary_programs
"
"1"," [1]"
"1"," ""make purchases under the requested stand-by arrangement as needed""     "
"1","
"
"1"," [2]"
"1"," ""make purchases under the requested stand-by arrangement only as needed"""
"1","
"
"1"," [3]"
"1"," ""intent to make any purchases""                                          "
"1","
"
"1"," [4]"
"1"," ""do not intent to make purchases""                                       "
"1","
"
"1"," [5]"
"1"," ""make no purchases""                                                     "
"1","
"
"1"," [6]"
"1"," ""not to make purchases""                                                 "
"1","
"
"1"," [7]"
"1"," ""no purchases are intended""                                             "
"1","
"
"1"," [8]"
"1"," ""requested stand-by arrangement only as a last resort""                  "
"1","
"
"1"," [9]"
"1"," ""only as a last resort""                                                 "
"1","
"
"1","[10]"
"1"," ""arrangement as precautionary""                                          "
"1","
"
"1","[11]"
"1"," ""treat the proposed arrangement as a precautionary""                     "
"1","
"
"1","[12]"
"1"," ""to treat as precautionary""                                             "
"1","
"
"1","[13]"
"1"," ""to treat the arrangement as precautionary""                             "
"1","
"
"1","[14]"
"1"," ""treated the arrangement as a precautionary""                            "
"1","
"
"1","[15]"
"1"," ""arrangement as a precautionary""                                        "
"1","
"
"1","[16]"
"1"," ""arrangement as precautionary""                                          "
"1","
"
"1","[17]"
"1"," ""the arrangement will be precautionary""                                 "
"1","
"
"1","[18]"
"1"," ""no purchases are expected""                                             "
"1","
"
"1","[19]"
"1"," ""intent to make no purchases""                                           "
"1","
"
"1","[20]"
"1"," ""intentions not to make purchases""                                      "
"1","
"
"1","[21]"
"1"," ""do not intent to make purchases under the arrangement""                 "
"1","
"
"1","[22]"
"1"," ""do not intent to make any purchases under this stand""                  "
"1","
"
"1","[23]"
"1"," ""intention not to make purchases under the arrangement""                 "
"1","
"
"1","[24]"
"1"," ""they intent to make no purchase  under the arrangement""                "
"1","
"
"1","[25]"
"1"," ""arrangementas precautionary""                                           "
"1","
"
"1","[26]"
"1"," ""arrangement is precautionary""                                          "
"1","
"
"1","[27]"
"1"," ""precautionary arrangement""                                             "
"1","
"
"1","[28]"
"1"," ""the program is precautionary""                                          "
"1","
"
"1","[29]"
"1"," ""precautionary 13 month stand""                                          "
"1","
"
"1","[30]"
"1"," ""14 month precautionary stand by arrangement""                           "
"1","
"
"1","[31]"
"1"," ""arrangement remained precautionary""                                    "
"1","
"
"1","[32]"
"1"," ""approved a precautionary""                                              "
"1","
"
"1","[33]"
"1"," ""precautionary support""                                                 "
"1","
"
"1","[34]"
"1"," ""precautionary nature""                                                  "
"1","
"
"1","[35]"
"1"," ""arrangement was precautionary""                                         "
"1","
"
"1","[36]"
"1"," ""approved a precautionary""                                              "
"1","
"
"1","[37]"
"1"," ""treat the sba as precautionary""                                        "
"1","
"
"1","[38]"
"1"," ""arrangement will be precautionary""                                     "
"1","
"
"1","[39]"
"1"," ""request for a precautionary""                                           "
"1","
"
"1","[40]"
"1"," ""precautionary arrangement""                                             "
"1","
"
"1","[41]"
"1"," ""precautionary sba""                                                     "
"1","
"
"1","[42]"
"1"," ""month precautionary""                                                   "
"1","
"
"1","[43]"
"1"," ""precautionary stand by""                                                "
"1","
"
"1","[44]"
"1"," ""precautonary program""                                                  "
"1","
"
"1","[45]"
"1"," ""approved a precautionary""                                              "
"1","
"
"1","[46]"
"1"," ""treated as precautionary""                                              "
"1","
"
"1","[47]"
"1"," ""precautionary stand by arrangement""                                    "
"1","
"
"1","[48]"
"1"," ""precautionary stand""                                                   "
"1","
"
"1","[49]"
"1"," ""the program is precautionary""                                          "
"1","
"
"1","[50]"
"1"," ""is intented to be precautionary""                                       "
"1","
"
"1","[51]"
"1"," ""would treat the arrangementas precautionary""                           "
"1","
"
"1","[52]"
"1"," ""does not propose to make any purchase""                                 "
"1","
"
"1","[53]"
"1"," ""do not intend at this time to make a drawing""                          "
"1","
"
"1","[54]"
"1"," ""do not intend to make any purcharse under this stand""                  "
"1","
"
"1","[55]"
"1"," ""do not intend to make purchase under the arrangement""                  "
"1","
"
"1","[56]"
"1"," ""do not intend to draw on the resources""                                "
"1","
"
"1","
"
"1","$Risk_for_IMF
"
"1"," [1]"
"1"," ""Risks to the program""               "
"1"," ""risks to the Fund""                  "
"1","
"
"1"," [3]"
"1"," ""repayment capacity""                 "
"1"," ""repayment capacity to the Fund""     "
"1","
"
"1"," [5]"
"1"," ""outstanding use of Fund resources""  "
"1"," ""Fund cumulative exposure""           "
"1","
"
"1"," [7]"
"1"," ""Fund exposure""                      "
"1"," ""debt service to the Fund""           "
"1","
"
"1"," [9]"
"1"," ""Capacity to Repay the Fund""         "
"1"," ""service its obligations to the Fund"""
"1","
"
"1","[11]"
"1"," ""repay the Fund""                     "
"1"," ""debt service due to the Fund""       "
"1","
"
"1","[13]"
"1"," ""payments to the fund""               "
"1","
"
"1","
"
"1","$Uncertainty_reforms
"
"1","[1]"
"1"," ""implementation risk""                 "
"1"," ""inconsistent record in policy reform"""
"1","
"
"1","[3]"
"1"," ""non compliance with agenda""          "
"1"," ""non observance""                      "
"1","
"
"1","[5]"
"1"," ""program implementation""              "
"1","
"
"1","
"
"1","$Disbursement
"
"1","[1]"
"1"," ""frontloaded disbursement""           "
"1"," ""exceptional circumstances provision"""
"1","
"
"1","[3]"
"1"," ""Exceptional Access Criteria""        "
"1"," ""Funds access policy""                "
"1","
"
"1","
"
"1","$Wars
"
"1"," [1]"
"1"," ""war damage""              "
"1"," ""insurgency crisis""       "
"1"," ""security crisis""         "
"1","
"
"1"," [4]"
"1"," ""civil war""               "
"1"," ""war claims""              "
"1"," ""war reconstruction""      "
"1","
"
"1"," [7]"
"1"," ""war recovery""            "
"1"," ""war strategy""            "
"1"," ""post conflict assistance"""
"1","
"
"1","[10]"
"1"," ""armed conflict""          "
"1"," ""oingoing conflict""       "
"1"," ""atlantic conflict""       "
"1","
"
"1","[13]"
"1"," ""military conflict""       "
"1"," ""armed internal conflict"" "
"1"," ""ethnic rivalries""        "
"1","
"
"1","[16]"
"1"," ""internal conflict""       "
"1"," ""armed domestic conflict"" "
"1"," ""israeli conflict""        "
"1","
"
"1","[19]"
"1"," ""sahara conflict""         "
"1"," ""violent conflict""        "
"1"," ""military conflict""       "
"1","
"
"1","[22]"
"1"," ""conflict regions""        "
"1"," ""conflict zone""           "
"1"," ""civil conflict""          "
"1","
"
"1","[25]"
"1"," ""armed conflicts""         "
"1"," ""guerilla offensive""      "
"1"," ""military take-over""      "
"1","
"
"1","
"
"1","$Natural_disaster
"
"1","[1]"
"1"," ""flooding""                     "
"1"," ""drought""                      "
"1"," ""record-low levels of rainfall"""
"1","
"
"1","[4]"
"1"," ""natural calamities""           "
"1"," ""virus""                        "
"1"," ""natural disaster""             "
"1","
"
"1","[7]"
"1"," ""earthquake""                   "
"1"," ""hurricane""                    "
"1","
"
"1","
"
"1","$Epidemics
"
"1"," [1]"
"1"," ""epidemics""      "
"1"," ""pandemia""       "
"1"," ""leishmaniasis""  "
"1"," ""dengue fever""   "
"1"," ""chikungunya""    "
"1","
"
"1"," [6]"
"1"," ""mumps""          "
"1"," ""meningitis""     "
"1"," ""poliomyelitis""  "
"1"," ""measles""        "
"1"," ""zika""           "
"1","
"
"1","[11]"
"1"," ""encephalitis""   "
"1"," ""nipah""          "
"1"," ""vCJD""           "
"1"," ""HIV""            "
"1"," ""smallpox""       "
"1","
"
"1","[16]"
"1"," ""Relapsing fever"""
"1"," ""typhoid fever""  "
"1"," ""typhus""         "
"1"," ""hepatitis""      "
"1"," ""SRAS""           "
"1","
"
"1","[21]"
"1"," ""H1N1""           "
"1"," ""virus""          "
"1"," ""epidemy""        "
"1"," ""epidemic""       "
"1"," ""epidemia""       "
"1","
"
"1","[26]"
"1"," ""ebola""          "
"1"," ""sida""           "
"1"," ""rotavirus""      "
"1"," ""Lyme""           "
"1"," ""hepatite""       "
"1","
"
"1","[31]"
"1"," ""H5N1""           "
"1"," ""chikungunya""    "
"1"," ""dysenteria""     "
"1"," ""dysentery""      "
"1"," ""smallpox""       "
"1","
"
"1","[36]"
"1"," ""yellow fever""   "
"1"," ""cholera""        "
"1"," ""malaria""        "
"1"," ""influenza""      "
"1"," ""^flu$""          "
"1","
"
"1","[41]"
"1"," ""^plague$""       "
"1","
"
"1","
"
"1","$Commodity_crisis
"
"1"," [1]"
"1"," ""oil crisis""                             "
"1"," ""rice crisis""                            "
"1","
"
"1"," [3]"
"1"," ""food crisis""                            "
"1"," ""deterioration in the terms of trade""    "
"1","
"
"1"," [5]"
"1"," ""decline in terms of trade""              "
"1"," ""adverse terms of trade""                 "
"1","
"
"1"," [7]"
"1"," ""terms of trade loss""                    "
"1"," ""unfavorable terms of trade""             "
"1","
"
"1"," [9]"
"1"," ""severe drop in terms of trade""          "
"1"," ""severe terms of trade shocks""           "
"1","
"
"1","[11]"
"1"," ""vulnerability to terms of trade shocks"" "
"1"," ""collapse in international prices""       "
"1","
"
"1","[13]"
"1"," ""significant terms of trade loss""        "
"1"," ""terms of trade declined""                "
"1","
"
"1","[15]"
"1"," ""terms of trade drop""                    "
"1"," ""large terms of trade loss""              "
"1","
"
"1","[17]"
"1"," ""dependenceon oil-related revenue""       "
"1"," ""budgetary dependency on oil revenue""    "
"1","
"
"1","[19]"
"1"," ""negative terms of trade""                "
"1"," ""terms of trade worsen""                  "
"1","
"
"1","[21]"
"1"," ""crisis in the cotton""                   "
"1"," ""sharp fall in its terms of trade""       "
"1","
"
"1","[23]"
"1"," ""increase in world oil prices""           "
"1"," ""decline in international coffee prices"" "
"1","
"
"1","[25]"
"1"," ""terms of trade were adversely affected"" "
"1"," ""drop in world coffee price""             "
"1","
"
"1","[27]"
"1"," ""oil price increase""                     "
"1"," ""fluctuations in oil prices""             "
"1","
"
"1","[29]"
"1"," ""decline in coffee prices""               "
"1"," ""decline in the terms of trade""          "
"1","
"
"1","[31]"
"1"," ""increase in petroleum price""            "
"1"," ""Terms of trade shock""                   "
"1","
"
"1","[33]"
"1"," ""adverse movement in the terms of trade"" "
"1"," ""adverse movement in the price of copper"""
"1","
"
"1","[35]"
"1"," ""weakness in the copper price""           "
"1"," ""decline in the copper price""            "
"1","
"
"1","[37]"
"1"," ""swing in copper price""                  "
"1"," ""price of copper continue to drop""       "
"1","
"
"1","[39]"
"1"," ""fluctuations in the terms of trade""     "
"1"," ""deteriorating terms of trade""           "
"1","
"
"1","[41]"
"1"," ""commodity crisis""                       "
"1"," ""movements in commodity prices""          "
"1","
"
"1","[43]"
"1"," ""domestic energy crisis""                 "
"1"," ""fall in prices of raw materials""        "
"1","
"
"1","[45]"
"1"," ""energy crisis""                          "
"1"," ""fell of agricultural prices""            "
"1","
"
"1","
"
"1","$Political_crisis
"
"1"," [1]"
"1"," ""political turmoil""                                               "
"1","
"
"1"," [2]"
"1"," ""internal security situation""                                     "
"1","
"
"1"," [3]"
"1"," ""political atmosphere""                                            "
"1","
"
"1"," [4]"
"1"," ""political crisis""                                                "
"1","
"
"1"," [5]"
"1"," ""political uncertainty""                                           "
"1","
"
"1"," [6]"
"1"," ""Political instability""                                           "
"1","
"
"1"," [7]"
"1"," ""political transition spillovers ""                                "
"1","
"
"1"," [8]"
"1"," ""political turn-over""                                             "
"1","
"
"1"," [9]"
"1"," ""policies risks""                                                  "
"1","
"
"1","[10]"
"1"," ""political turmoil""                                               "
"1","
"
"1","[11]"
"1"," ""political risk""                                                  "
"1","
"
"1","[12]"
"1"," ""unstable political""                                              "
"1","
"
"1","[13]"
"1"," ""political instability""                                           "
"1","
"
"1","[14]"
"1"," ""poor governance""                                                 "
"1","
"
"1","[15]"
"1"," ""disturbed political conditions""                                  "
"1","
"
"1","[16]"
"1"," ""political and economic developments""                             "
"1","
"
"1","[17]"
"1"," ""political and security situation""                                "
"1","
"
"1","[18]"
"1"," ""economic and political situation""                                "
"1","
"
"1","[19]"
"1"," ""political crisis""                                                "
"1","
"
"1","[20]"
"1"," ""unsettled political  situation""                                  "
"1","
"
"1","[21]"
"1"," ""political tensions""                                              "
"1","
"
"1","[22]"
"1"," ""geopolitical events""                                             "
"1","
"
"1","[23]"
"1"," ""policy-related uncertainty""                                      "
"1","
"
"1","[24]"
"1"," ""policy related uncertainty""                                      "
"1","
"
"1","[25]"
"1"," ""geopolitical risk""                                               "
"1","
"
"1","[26]"
"1"," ""election related uncertainty""                                    "
"1","
"
"1","[27]"
"1"," ""election related uncertainties""                                  "
"1","
"
"1","[28]"
"1"," ""governance issues""                                               "
"1","
"
"1","[29]"
"1"," ""complex geopolitical situation""                                  "
"1","
"
"1","[30]"
"1"," ""geopolitical tensions""                                           "
"1","
"
"1","[31]"
"1"," ""geopolitical turmoil""                                            "
"1","
"
"1","[32]"
"1"," ""weak governance""                                                 "
"1","
"
"1","[33]"
"1"," ""adverse geopolitical events""                                     "
"1","
"
"1","[34]"
"1"," ""adverse geopolitical""                                            "
"1","
"
"1","[35]"
"1"," ""unexpected political events""                                     "
"1","
"
"1","[36]"
"1"," ""revolution""                                                      "
"1","
"
"1","[37]"
"1"," ""uncertain policies""                                              "
"1","
"
"1","[38]"
"1"," ""uncertainty about policy""                                        "
"1","
"
"1","[39]"
"1"," ""political contagion""                                             "
"1","
"
"1","[40]"
"1"," ""euro exit""                                                       "
"1","
"
"1","[41]"
"1"," ""exit of the eurozone""                                            "
"1","
"
"1","[42]"
"1"," ""uncertain national election""                                     "
"1","
"
"1","[43]"
"1"," ""political transition""                                            "
"1","
"
"1","[44]"
"1"," ""political pressures""                                             "
"1","
"
"1","[45]"
"1"," ""change of administration""                                        "
"1","
"
"1","[46]"
"1"," ""risks linked to the electoral calendar ""                         "
"1","
"
"1","[47]"
"1"," ""uncertainty surrounding the outcome of the presidential election"""
"1","
"
"1","[48]"
"1"," ""uncertainty regarding the political transition""                  "
"1","
"
"1","[49]"
"1"," ""domestic political developments""                                 "
"1","
"
"1","[50]"
"1"," ""politial risk""                                                   "
"1","
"
"1","[51]"
"1"," ""facilitate an orderly transition to a new administration""        "
"1","
"
"1","[52]"
"1"," ""uncertainty about the continuity of policies""                    "
"1","
"
"1","[53]"
"1"," ""uncertainty regarding future policies""                           "
"1","
"
"1","
"
"1","$Social_crisis
"
"1","[1]"
"1"," ""social risk""                  "
"1"," ""social and political turmoil"" "
"1"," ""social disruption""            "
"1","
"
"1","[4]"
"1"," ""social climate as deteriorate"""
"1"," ""social tension""               "
"1"," ""protest""                      "
"1","
"
"1","[7]"
"1"," ""strike""                       "
"1"," ""deteriorating social climate"" "
"1","
"
"1","
"
"1","$Banking_crisis
"
"1"," [1]"
"1"," ""bank resolution""                            "
"1"," ""bank crisis""                                "
"1","
"
"1"," [3]"
"1"," ""Banking sector restructuring""               "
"1"," ""restructuringof nonperforming loans""        "
"1","
"
"1"," [5]"
"1"," ""undercapitalized banking system""            "
"1"," ""weak bank capitalization""                   "
"1","
"
"1"," [7]"
"1"," ""reorganization of the banking sector""       "
"1"," ""restructuring of the banking""               "
"1","
"
"1"," [9]"
"1"," ""fragility of the banking sector""            "
"1"," ""fragile banking sector""                     "
"1","
"
"1","[11]"
"1"," ""banking crisis""                             "
"1"," ""banking system restructuring""               "
"1","
"
"1","[13]"
"1"," ""insolvent banks""                            "
"1"," ""insovlvent banking sector""                  "
"1","
"
"1","[15]"
"1"," ""bailout""                                    "
"1"," ""crisis in the banking sector""               "
"1","
"
"1","[17]"
"1"," ""take over of private banks""                 "
"1"," ""private banks taken over""                   "
"1","
"
"1","[19]"
"1"," ""recapitalize private banks""                 "
"1"," ""collapse of the banking sector""             "
"1","
"
"1","[21]"
"1"," ""increase in nonperforming loans""            "
"1"," ""recapitalization of the banks""              "
"1","
"
"1","[23]"
"1"," ""recapitalizing the banking system""          "
"1"," ""recapitalizing the banking sector""          "
"1","
"
"1","[25]"
"1"," ""banking system collapsed""                   "
"1"," ""additional nonperforming loans""             "
"1","
"
"1","[27]"
"1"," ""collapsed in the banking system""            "
"1"," ""banking system stability""                   "
"1","
"
"1","[29]"
"1"," ""pressure on the banking""                    "
"1"," ""bankrun""                                    "
"1","
"
"1","[31]"
"1"," ""bank recapitalization""                      "
"1"," ""deteriorating credit quality""               "
"1","
"
"1","[33]"
"1"," ""recapitalization""                           "
"1"," ""bank restructuring""                         "
"1","
"
"1","[35]"
"1"," ""recapitalize private financial institutions"""
"1"," ""confidence in the domestic banking system""  "
"1","
"
"1","[37]"
"1"," ""strengthen bank supervision""                "
"1"," ""financial support package""                  "
"1","
"
"1","
"
"1","$Banking_crisis_severe
"
"1"," [1]"
"1"," ""banking crisis""                                              "
"1","
"
"1"," [2]"
"1"," ""bank failures""                                               "
"1","
"
"1"," [3]"
"1"," ""run on*.deposits""                                            "
"1","
"
"1"," [4]"
"1"," ""capital of the banking system insurance scheme.*exhausted""   "
"1","
"
"1"," [5]"
"1"," ""crisis in the banking sector""                                "
"1","
"
"1"," [6]"
"1"," ""insovlvent banking sector""                                   "
"1","
"
"1"," [7]"
"1"," ""insolvent banking sector""                                    "
"1","
"
"1"," [8]"
"1"," ""banking system collapsed""                                    "
"1","
"
"1"," [9]"
"1"," ""collapse of the banking system""                              "
"1","
"
"1","[10]"
"1"," ""collapse of the banking system""                              "
"1","
"
"1","[11]"
"1"," ""sizable outflow of deposits""                                 "
"1","
"
"1","[12]"
"1"," ""fears of deposits confiscations""                             "
"1","
"
"1","[13]"
"1"," ""sustained deposit outflows""                                  "
"1","
"
"1","[14]"
"1"," ""continued withdrawals of.*deposits""                          "
"1","
"
"1","[15]"
"1"," ""sharp decline in deposits""                                   "
"1","
"
"1","[16]"
"1"," ""problems of illiquidity and insolvency in the banking system"""
"1","
"
"1","[17]"
"1"," ""decrease in confidence in the banking system""                "
"1","
"
"1","[18]"
"1"," ""paralysis of the banking system""                             "
"1","
"
"1","[19]"
"1"," ""margin calls""                                                "
"1","
"
"1","[20]"
"1"," ""liquidity crunch in the banking system""                      "
"1","
"
"1","[21]"
"1"," ""bank holiday""                                                "
"1","
"
"1","[22]"
"1"," ""liquidated a number of privately owned""                      "
"1","
"
"1","[23]"
"1"," ""immediate takeover""                                          "
"1","
"
"1","[24]"
"1"," ""liquidating.*insolvent banks""                                "
"1","
"
"1","[25]"
"1"," ""recapitalization program""                                    "
"1","
"
"1","[26]"
"1"," ""fiscal costs of the restructuring""                           "
"1","
"
"1","[27]"
"1"," ""comprehensive restructuring""                                 "
"1","
"
"1","[28]"
"1"," ""bank recapitalization scheme""                                "
"1","
"
"1","[29]"
"1"," ""emergency credits""                                           "
"1","
"
"1","[30]"
"1"," ""bailout""                                                     "
"1","
"
"1","[31]"
"1"," ""lowered legal reserve requirements""                          "
"1","
"
"1","[32]"
"1"," ""lowering the legal reserve requirements""                     "
"1","
"
"1","[33]"
"1"," ""reduced.* minimum legal reserve requirement""                 "
"1","
"
"1","[34]"
"1"," ""hold lower than required reserves""                           "
"1","
"
"1","[35]"
"1"," ""operations of banks.*suspended""                              "
"1","
"
"1","[36]"
"1"," ""suspend operation of banks""                                  "
"1","
"
"1","[37]"
"1"," ""support.*provided.*to banks of systemic importance""          "
"1","
"
"1","[38]"
"1"," ""backing of.*deposits""                                        "
"1","
"
"1","[39]"
"1"," ""withdraw the licenses of major.*banks""                       "
"1","
"
"1","
"
"1","$Financial_crisis
"
"1"," [1]"
"1"," ""financial stability crisis""                  "
"1"," ""international monetary crisis""               "
"1","
"
"1"," [3]"
"1"," ""crisis in financial market""                  "
"1"," ""financial risks""                             "
"1","
"
"1"," [5]"
"1"," ""turmoil in financial markets""                "
"1"," ""turmoil in international financial markets""  "
"1","
"
"1"," [7]"
"1"," ""volatility in financial markets""             "
"1"," ""restore the strength of the financial sector"""
"1","
"
"1"," [9]"
"1"," ""unfolding financial crisis""                  "
"1"," ""global market sell-off""                      "
"1","
"
"1","[11]"
"1"," ""global financial shock""                      "
"1"," ""financial shock""                             "
"1","
"
"1","[13]"
"1"," ""financial contagion""                         "
"1"," ""financial crisis""                            "
"1","
"
"1","[15]"
"1"," ""collapse of financial markets""               "
"1"," ""fire sells""                                  "
"1","
"
"1","[17]"
"1"," ""collapse of equity prices""                   "
"1"," ""financial market panic""                      "
"1","
"
"1","[19]"
"1"," ""global financial turbulence""                 "
"1"," ""viability and health of the financial sector"""
"1","
"
"1","
"
"1","$Inflation_crisis
"
"1"," [1]"
"1"," ""inflation pressure""                  "
"1"," ""hyperinflation""                      "
"1","
"
"1"," [3]"
"1"," ""high rate of inflation""              "
"1"," ""contain inflationary pressure""       "
"1","
"
"1"," [5]"
"1"," ""the rate of inflation accelerate""    "
"1"," ""halting inflation""                   "
"1","
"
"1"," [7]"
"1"," ""inflationary pressures""              "
"1"," ""halt to inflation""                   "
"1","
"
"1"," [9]"
"1"," ""limit inflationary pressures""        "
"1"," ""efforts against inflation""           "
"1","
"
"1","[11]"
"1"," ""reduction of inflation""              "
"1"," ""issuing paper money""                 "
"1","
"
"1","[13]"
"1"," ""inflation has now reached a critical"""
"1"," ""inflation at unprecedented levels""   "
"1","
"
"1","[15]"
"1"," ""large monetary creation""             "
"1"," ""lowering the rate of inflation""      "
"1","
"
"1","[17]"
"1"," ""pressure on prices""                  "
"1"," ""high inflation""                      "
"1","
"
"1","[19]"
"1"," ""severe inflation""                    "
"1"," ""combat inflation""                    "
"1","
"
"1","[21]"
"1"," ""cronic inflation""                    "
"1"," ""sharpe increase in domestic prices""  "
"1","
"
"1","[23]"
"1"," ""large increase in domestic prices""   "
"1"," ""inflationary pressure""               "
"1","
"
"1","[25]"
"1"," ""inflation crisis""                    "
"1","
"
"1","
"
"1","$Trade_crisis
"
"1"," [1]"
"1"," ""trade war""                            "
"1"," ""trade policy tension""                 "
"1","
"
"1"," [3]"
"1"," ""trade tension""                        "
"1"," ""trade conflict""                       "
"1","
"
"1"," [5]"
"1"," ""excalation of trade restrictions""     "
"1"," ""disruption of trade""                  "
"1","
"
"1"," [7]"
"1"," ""trade crisis""                         "
"1"," ""trade restrictions""                   "
"1","
"
"1"," [9]"
"1"," ""trade volatility""                     "
"1"," ""weak trade""                           "
"1","
"
"1","[11]"
"1"," ""disruption to trade""                  "
"1"," ""slowdown in trade""                    "
"1","
"
"1","[13]"
"1"," ""trade restricting measure""            "
"1"," ""decline in FDI""                       "
"1","
"
"1","[15]"
"1"," ""decline in foreign direct investment"" "
"1"," ""FDI flows declined""                   "
"1","
"
"1","[17]"
"1"," ""FDI have declined""                    "
"1"," ""trade issues""                         "
"1","
"
"1","[19]"
"1"," ""slowdown in trade""                    "
"1"," ""trade slowdown""                       "
"1","
"
"1","[21]"
"1"," ""uncertainty about future trade policy"""
"1"," ""uncertainty about trade policy""       "
"1","
"
"1","[23]"
"1"," ""trade restraints""                     "
"1"," ""trade policy unpredictability""        "
"1","
"
"1","[25]"
"1"," ""slowdown in global trade""             "
"1"," ""stronger competition of countries""    "
"1","
"
"1","
"
"1","$World_outcomes
"
"1"," [1]"
"1"," ""world-wide recession""                                              "
"1","
"
"1"," [2]"
"1"," ""global economic crisis""                                            "
"1","
"
"1"," [3]"
"1"," ""global crisis""                                                     "
"1","
"
"1"," [4]"
"1"," ""world recession""                                                   "
"1","
"
"1"," [5]"
"1"," ""worldwide recession""                                               "
"1","
"
"1"," [6]"
"1"," ""international crisis""                                              "
"1","
"
"1"," [7]"
"1"," ""global financial crisis""                                           "
"1","
"
"1"," [8]"
"1"," ""deep international recession""                                      "
"1","
"
"1"," [9]"
"1"," ""international downturn""                                            "
"1","
"
"1","[10]"
"1"," ""internation recession""                                             "
"1","
"
"1","[11]"
"1"," ""ongoing global downturn""                                           "
"1","
"
"1","[12]"
"1"," ""deterioration of external environment""                             "
"1","
"
"1","[13]"
"1"," ""weakening of international economic activity""                      "
"1","
"
"1","[14]"
"1"," ""turbulence in international markets""                               "
"1","
"
"1","[15]"
"1"," ""External conditions deteriorated markedly""                         "
"1","
"
"1","[16]"
"1"," ""unfavorable developments in the international economic environment"""
"1","
"
"1","[17]"
"1"," ""deterioration of external environment""                             "
"1","
"
"1","[18]"
"1"," ""recession in the world economy""                                    "
"1","
"
"1","[19]"
"1"," ""international monetary crisis""                                     "
"1","
"
"1","[20]"
"1"," ""worsening international environement""                              "
"1","
"
"1","[21]"
"1"," ""difficult external environment""                                    "
"1","
"
"1","[22]"
"1"," ""downside risks in the international environment""                   "
"1","
"
"1","[23]"
"1"," ""further deterioration in the international environment""            "
"1","
"
"1","[24]"
"1"," ""uncertain external environment""                                    "
"1","
"
"1","[25]"
"1"," ""slowdown in international economy""                                 "
"1","
"
"1","[26]"
"1"," ""fragile global outlook""                                            "
"1","
"
"1","
"
"1","$Contagion
"
"1"," [1]"
"1"," ""regional crisis""                           "
"1"," ""crisis in the region""                      "
"1","
"
"1"," [3]"
"1"," ""spillovers from the global crisis""         "
"1"," ""systemic crisis""                           "
"1","
"
"1"," [5]"
"1"," ""crisis in emerging economies""              "
"1"," ""regional financial crisis""                 "
"1","
"
"1"," [7]"
"1"," ""spillovers from the global crisis""         "
"1"," ""vulnerable to external shocks""             "
"1","
"
"1"," [9]"
"1"," ""crisis spillover""                          "
"1"," ""regional economic situation turned adverse"""
"1","
"
"1","[11]"
"1"," ""contagion from the crisis in neightboring"" "
"1"," ""external shocks""                           "
"1","
"
"1","[13]"
"1"," ""external shock""                            "
"1"," ""adverse exogenous events""                  "
"1","
"
"1","[15]"
"1"," ""external vulnerability""                    "
"1"," ""exogenous events""                          "
"1","
"
"1","[17]"
"1"," ""contagion""                                 "
"1"," ""fears of contagion""                        "
"1","
"
"1","[19]"
"1"," ""spillovers""                                "
"1"," ""vulnerability to international""            "
"1","
"
"1","[21]"
"1"," ""Russian debt crisis""                       "
"1"," ""asian currency crisis""                     "
"1","
"
"1","[23]"
"1"," ""crisis in southeast asia""                  "
"1"," ""southeast asia crisis""                     "
"1","
"
"1","[25]"
"1"," ""crisis in russia""                          "
"1"," ""crisis in libya""                           "
"1","
"
"1","[27]"
"1"," ""libya crisis""                              "
"1"," ""regional currency crisis""                  "
"1","
"
"1","[29]"
"1"," ""kosovo crisis""                             "
"1"," ""cyprus crisis""                             "
"1","
"
"1","[31]"
"1"," ""crisis in ukraine""                         "
"1"," ""regional dimension of the crisis""          "
"1","
"
"1","[33]"
"1"," ""mexican exchange crisis""                   "
"1"," ""gulf crisis""                               "
"1","
"
"1","[35]"
"1"," ""middle east crisis""                        "
"1"," ""Mexican crisis""                            "
"1","
"
"1","[37]"
"1"," ""crisis in Argentina""                       "
"1"," ""crisis in Russia""                          "
"1","
"
"1","[39]"
"1"," ""argentine crisis""                          "
"1"," ""crisis in mexico""                          "
"1","
"
"1","[41]"
"1"," ""the crisis of 1994""                        "
"1"," ""the 1997 crisis""                           "
"1","
"
"1","[43]"
"1"," ""the crisis in 2002""                        "
"1"," ""2002 crisis""                               "
"1","
"
"1","[45]"
"1"," ""euro area crisis""                          "
"1"," ""eurozone contagion""                        "
"1","
"
"1","[47]"
"1"," ""eurozone crisis""                           "
"1"," ""crisis in europe""                          "
"1","
"
"1","[49]"
"1"," ""world financial crisis""                    "
"1"," ""Greek crisis""                              "
"1","
"
"1","[51]"
"1"," ""brazil crisis""                             "
"1"," ""asian and russian crisis""                  "
"1","
"
"1","[53]"
"1"," ""asia crisis""                               "
"1"," ""crisis in turkey""                          "
"1","
"
"1","[55]"
"1"," ""Argentinan crisis""                         "
"1"," ""crisis in argentina""                       "
"1","
"
"1","[57]"
"1"," ""crisis in greece""                          "
"1"," ""asian crisis""                              "
"1","
"
"1","[59]"
"1"," ""global economic crisis""                    "
"1"," ""global financial shock""                    "
"1","
"
"1","[61]"
"1"," ""international systemic spillover""          "
"1"," ""crisis in Brazil""                          "
"1","
"
"1","[63]"
"1"," ""linkage with the US""                       "
"1"," ""contagion effects of the Thai crisis""      "
"1","
"
"1","
"
"1","$Expectations
"
"1"," [1]"
"1"," ""crisis risks""                                                 "
"1","
"
"1"," [2]"
"1"," ""market reversal""                                              "
"1","
"
"1"," [3]"
"1"," ""economic sentiment remains poor""                              "
"1","
"
"1"," [4]"
"1"," ""market sentiment has collapsed""                               "
"1","
"
"1"," [5]"
"1"," ""increase uncertainty in the international environment""        "
"1","
"
"1"," [6]"
"1"," ""heightened risk aversion""                                     "
"1","
"
"1"," [7]"
"1"," ""high level of risk""                                           "
"1","
"
"1"," [8]"
"1"," ""general uncertainty""                                          "
"1","
"
"1"," [9]"
"1"," ""crisis of confidence""                                         "
"1","
"
"1","[10]"
"1"," ""risk of crisis""                                               "
"1","
"
"1","[11]"
"1"," ""confidence crisis""                                            "
"1","
"
"1","[12]"
"1"," ""panic""                                                        "
"1","
"
"1","[13]"
"1"," ""potential risks""                                              "
"1","
"
"1","[14]"
"1"," ""upward risk""                                                  "
"1","
"
"1","[15]"
"1"," ""market confidence""                                            "
"1","
"
"1","[16]"
"1"," ""high risk""                                                    "
"1","
"
"1","[17]"
"1"," ""downside risks""                                               "
"1","
"
"1","[18]"
"1"," ""increase the risks""                                           "
"1","
"
"1","[19]"
"1"," ""self fulfilling crises""                                       "
"1","
"
"1","[20]"
"1"," ""potential risks""                                              "
"1","
"
"1","[21]"
"1"," ""restoring market confidence""                                  "
"1","
"
"1","[22]"
"1"," ""major risks""                                                  "
"1","
"
"1","[23]"
"1"," ""heightening risks""                                            "
"1","
"
"1","[24]"
"1"," ""deterioration in market sentiment""                            "
"1","
"
"1","[25]"
"1"," ""increase uncertainty in the international environment""        "
"1","
"
"1","[26]"
"1"," ""deterioration in market sentiment""                            "
"1","
"
"1","[27]"
"1"," ""weakening of investor confidence""                             "
"1","
"
"1","[28]"
"1"," ""market confidence""                                            "
"1","
"
"1","[29]"
"1"," ""uncertainty in international capital markets""                 "
"1","
"
"1","[30]"
"1"," ""uncertainty among market participant""                         "
"1","
"
"1","[31]"
"1"," ""change in expectations""                                       "
"1","
"
"1","[32]"
"1"," ""speculative capital movements""                                "
"1","
"
"1","[33]"
"1"," ""speculative attack""                                           "
"1","
"
"1","[34]"
"1"," ""uncertainty among market participant""                         "
"1","
"
"1","[35]"
"1"," ""a time of heightened global uncertainty""                      "
"1","
"
"1","[36]"
"1"," ""change in investors sentiment""                                "
"1","
"
"1","[37]"
"1"," ""reassure the markets""                                         "
"1","
"
"1","[38]"
"1"," ""extreme global risk aversion""                                 "
"1","
"
"1","[39]"
"1"," ""provide assurances to financial markets""                      "
"1","
"
"1","[40]"
"1"," ""restore market confidence""                                    "
"1","
"
"1","[41]"
"1"," ""reduce market uncertainty""                                    "
"1","
"
"1","[42]"
"1"," ""bolster confidence""                                           "
"1","
"
"1","[43]"
"1"," ""economic credibility""                                         "
"1","
"
"1","[44]"
"1"," ""slump in confidence""                                          "
"1","
"
"1","[45]"
"1"," ""undermining confidence""                                       "
"1","
"
"1","[46]"
"1"," ""confidence crisis""                                            "
"1","
"
"1","[47]"
"1"," ""signals to markets""                                           "
"1","
"
"1","[48]"
"1"," ""market confidence sagged""                                     "
"1","
"
"1","[49]"
"1"," ""vulnerable to abrupt swings in market sentiment""              "
"1","
"
"1","[50]"
"1"," ""heightened risk aversion""                                     "
"1","
"
"1","[51]"
"1"," ""increase in global risk aversion""                             "
"1","
"
"1","[52]"
"1"," ""weakening of market confidence""                               "
"1","
"
"1","[53]"
"1"," ""vulnerable to changes in the international investment climate"""
"1","
"
"1","[54]"
"1"," ""confidence in the liquidity of the foreign exchange market""   "
"1","
"
"1","[55]"
"1"," ""increase uncertainty in the international environment""        "
"1","
"
"1","[56]"
"1"," ""pressures on confidence""                                      "
"1","
"
"1","[57]"
"1"," ""self-fulfilling""                                              "
"1","
"
"1","[58]"
"1"," ""shifts in investor sentiment""                                 "
"1","
"
"1","[59]"
"1"," ""bolstering market confidence""                                 "
"1","
"
"1","
"
"1","$Balance_payment_crisis
"
"1"," [1]"
"1"," ""Shortage of foreign exchange""                                "
"1","
"
"1"," [2]"
"1"," ""bop crisis""                                                  "
"1","
"
"1"," [3]"
"1"," ""balance of payment crisis""                                   "
"1","
"
"1"," [4]"
"1"," ""capital account crisis""                                      "
"1","
"
"1"," [5]"
"1"," ""balance of payment crisis""                                   "
"1","
"
"1"," [6]"
"1"," ""balance of payment problem""                                  "
"1","
"
"1"," [7]"
"1"," ""balance of payment difficulties""                             "
"1","
"
"1"," [8]"
"1"," ""cessation of official foreign capital inflows""               "
"1","
"
"1"," [9]"
"1"," ""decline in net international reserves""                       "
"1","
"
"1","[10]"
"1"," ""pressures in the official foreign exchange market""           "
"1","
"
"1","[11]"
"1"," ""external account came under pressure""                        "
"1","
"
"1","[12]"
"1"," ""external account came under severe pressure""                 "
"1","
"
"1","[13]"
"1"," ""external account came under serious pressure""                "
"1","
"
"1","[14]"
"1"," ""balance of payments problems""                                "
"1","
"
"1","[15]"
"1"," ""shortage of international reserves""                          "
"1","
"
"1","[16]"
"1"," ""sharp reduction in international reserves""                   "
"1","
"
"1","[17]"
"1"," ""strong decline in international reserves""                    "
"1","
"
"1","[18]"
"1"," ""international reserves exhaused""                             "
"1","
"
"1","[19]"
"1"," ""decline in reserves""                                         "
"1","
"
"1","[20]"
"1"," ""drop in reserves""                                            "
"1","
"
"1","[21]"
"1"," ""loss of official reserves""                                   "
"1","
"
"1","[22]"
"1"," ""decline in net capital inflows""                              "
"1","
"
"1","[23]"
"1"," ""decline in international reserves""                           "
"1","
"
"1","[24]"
"1"," ""decline in official reserves""                                "
"1","
"
"1","[25]"
"1"," ""official international reserves exhausted""                   "
"1","
"
"1","[26]"
"1"," ""major loss in net international reserves""                    "
"1","
"
"1","[27]"
"1"," ""foreign exchange scarcity""                                   "
"1","
"
"1","[28]"
"1"," ""decline in receipts of official foreign loans""               "
"1","
"
"1","[29]"
"1"," ""exhaustion of the disposable official international reserves"""
"1","
"
"1","[30]"
"1"," ""capital flight""                                              "
"1","
"
"1","[31]"
"1"," ""flight of capital""                                           "
"1","
"
"1","[32]"
"1"," ""pull-back of capital""                                        "
"1","
"
"1","[33]"
"1"," ""capital flow reverse""                                        "
"1","
"
"1","[34]"
"1"," ""capital flow reversal""                                       "
"1","
"
"1","[35]"
"1"," ""pressure on capital flows""                                   "
"1","
"
"1","[36]"
"1"," ""large capital outflows""                                      "
"1","
"
"1","[37]"
"1"," ""strong balance of payment pressures""                         "
"1","
"
"1","[38]"
"1"," ""balance of payment assistance""                               "
"1","
"
"1","[39]"
"1"," ""depleted international reserves""                             "
"1","
"
"1","[40]"
"1"," ""large external financing needs""                              "
"1","
"
"1","[41]"
"1"," ""substantial capital outflows""                                "
"1","
"
"1","[42]"
"1"," ""unforseen balance of payments contingencies""                 "
"1","
"
"1","[43]"
"1"," ""tail risks to the balance of payments""                       "
"1","
"
"1","[44]"
"1"," ""large balance of payments imbalances""                        "
"1","
"
"1","[45]"
"1"," ""exhausted official international reserves""                   "
"1","
"
"1","[46]"
"1"," ""pressure on the capital account""                             "
"1","
"
"1","[47]"
"1"," ""exceptional balance of payments need""                        "
"1","
"
"1","[48]"
"1"," ""balance of payment sustainability""                           "
"1","
"
"1","[49]"
"1"," ""reversal in the flow of private capital""                     "
"1","
"
"1","[50]"
"1"," ""sharpe reduction in access to international capital markets"" "
"1","
"
"1","[51]"
"1"," ""sharp fall in private inflows""                               "
"1","
"
"1","[52]"
"1"," ""decline in net inflow""                                       "
"1","
"
"1","[53]"
"1"," ""severe external imbalances""                                  "
"1","
"
"1","[54]"
"1"," ""severe internal and external imbalances""                     "
"1","
"
"1","
"
"1","$Reduction_reserves
"
"1"," [1]"
"1"," ""decline in net international reserves""                       "
"1","
"
"1"," [2]"
"1"," ""shortage of international reserves""                          "
"1","
"
"1"," [3]"
"1"," ""shortage of international reserves""                          "
"1","
"
"1"," [4]"
"1"," ""shortfall of international reserves""                         "
"1","
"
"1"," [5]"
"1"," ""sharp reduction in international reserves""                   "
"1","
"
"1"," [6]"
"1"," ""strong decline in international reserves""                    "
"1","
"
"1"," [7]"
"1"," ""international reserves exhaused""                             "
"1","
"
"1"," [8]"
"1"," ""decline in reserves""                                         "
"1","
"
"1"," [9]"
"1"," ""drop in reserves""                                            "
"1","
"
"1","[10]"
"1"," ""drop in official reserves""                                   "
"1","
"
"1","[11]"
"1"," ""selling foreign exchange""                                    "
"1","
"
"1","[12]"
"1"," ""decline in official reserves""                                "
"1","
"
"1","[13]"
"1"," ""loss of official reserves""                                   "
"1","
"
"1","[14]"
"1"," ""loss of international reserves""                              "
"1","
"
"1","[15]"
"1"," ""decline in international reserves""                           "
"1","
"
"1","[16]"
"1"," ""loss of official international reserves""                     "
"1","
"
"1","[17]"
"1"," ""decline in official international reserves""                  "
"1","
"
"1","[18]"
"1"," ""exhaustion of the disposable official international reserves"""
"1","
"
"1","[19]"
"1"," ""exhausted official international reserves""                   "
"1","
"
"1","[20]"
"1"," ""strong pressure in exchange rate reserves""                   "
"1","
"
"1","[21]"
"1"," ""depleted international reserves""                             "
"1","
"
"1","[22]"
"1"," ""exhaustion of all foreign exchange reserves""                 "
"1","
"
"1","[23]"
"1"," ""sizeable fall of interantional reserves""                     "
"1","
"
"1","[24]"
"1"," ""substantial sales of foreign reserves""                       "
"1","
"
"1","
"
"1","$Currency_crisis
"
"1"," [1]"
"1"," ""currency weakness""                               "
"1"," ""exchange rate crisis""                            "
"1","
"
"1"," [3]"
"1"," ""large real depreciation""                         "
"1"," ""foreign exchange crisis""                         "
"1","
"
"1"," [5]"
"1"," ""disruption of exchange markets""                  "
"1"," ""severe disruption of exchange markets""           "
"1","
"
"1"," [7]"
"1"," ""major devaluation""                               "
"1"," ""Currency crisis""                                 "
"1","
"
"1"," [9]"
"1"," ""Currency crash""                                  "
"1"," ""pressure on the exchange system""                 "
"1","
"
"1","[11]"
"1"," ""large devaluation""                               "
"1"," ""large depreciation""                              "
"1","
"
"1","[13]"
"1"," ""cumulative depreciation""                         "
"1"," ""sharp depreciation""                              "
"1","
"
"1","[15]"
"1"," ""magnitude of the depreciation""                   "
"1"," ""pressure in the foreign exchange markets""        "
"1","
"
"1","[17]"
"1"," ""sharply depreciating trend""                      "
"1"," ""a depreciating trend""                            "
"1","
"
"1","[19]"
"1"," ""significant overshooting.*of the exchange rate""  "
"1"," ""overshooting of the exchange rate""               "
"1","
"
"1","[21]"
"1"," ""on a depreciating path""                          "
"1"," ""widespread flight from the currency""             "
"1","
"
"1","[23]"
"1"," ""unsettled foreign exchange markets""              "
"1"," ""more depreciated level of the exchange rate""     "
"1","
"
"1","[25]"
"1"," ""more depreciated exchange rate""                  "
"1"," ""more depreciated real exchange rate""             "
"1","
"
"1","[27]"
"1"," ""due to currency weakness""                        "
"1"," ""demand for foreign exchange hedge jumped sharply"""
"1","
"
"1","[29]"
"1"," ""did not calm exchange.*markets""                  "
"1"," ""continuing exchange market uncertainties""        "
"1","
"
"1","[31]"
"1"," ""sizeable real depreciation""                      "
"1"," ""continuing depreciation""                         "
"1","
"
"1","[33]"
"1"," ""considerable depreciation""                       "
"1","
"
"1","
"
"1","$Currency_crisis_severe
"
"1"," [1]"
"1"," ""exchange rate crisis""                 "
"1"," ""large real depreciation""              "
"1","
"
"1"," [3]"
"1"," ""foreign exchange crisis""              "
"1"," ""severe disruption of exchange markets"""
"1","
"
"1"," [5]"
"1"," ""major devaluation""                    "
"1"," ""currency crisis""                      "
"1","
"
"1"," [7]"
"1"," ""currency crash""                       "
"1"," ""large devaluation""                    "
"1","
"
"1"," [9]"
"1"," ""large depreciation""                   "
"1"," ""sharp depreciation""                   "
"1","
"
"1","[11]"
"1"," ""currency attack""                      "
"1"," ""exchange rate crisis""                 "
"1","
"
"1","
"
"1","$Currency_crisis_confusing
"
"1","[1]"
"1"," ""sharp depreciation in the u.s. dollar"""
"1"," ""sharp depreciation of the u.s. dollar"""
"1","
"
"1","[3]"
"1"," ""large depreciation of the u.s.dollar"" "
"1"," ""yen.+s sharp depreciation""            "
"1","
"
"1","
"
"1","$Floating_exchange_rate
"
"1","[1]"
"1"," ""floating exchange rate regime"""
"1"," ""floating currency""            "
"1"," ""flexible exchange rate""       "
"1","
"
"1","[4]"
"1"," ""dual exchange market""         "
"1","
"
"1","
"
"1","$Fixed_exchange_rate
"
"1"," [1]"
"1"," ""pegged""                              "
"1"," ""currency pegs""                       "
"1","
"
"1"," [3]"
"1"," ""exchange rate peg""                   "
"1"," ""peg to the dollar""                   "
"1","
"
"1"," [5]"
"1"," ""fixed exchange rate""                 "
"1"," ""adjustable exchange rate bands""      "
"1","
"
"1"," [7]"
"1"," ""crawling band exchange rate""         "
"1"," ""exchange rate peg  within a band""    "
"1","
"
"1"," [9]"
"1"," ""convertibility regime""               "
"1"," ""adjustable exchange rate band system"""
"1","
"
"1","[11]"
"1"," ""currency board regime""               "
"1"," ""currency board""                      "
"1","
"
"1","[13]"
"1"," ""common currency area""                "
"1"," ""fully dollarized""                    "
"1","
"
"1","
"
"1","$Losening_monetary_policy
"
"1","[1]"
"1"," ""loosening monetary policy""    "
"1"," ""accommodative monetary policy"""
"1"," ""support from monetary policy"" "
"1","
"
"1","[4]"
"1"," ""easing monetary policy""       "
"1"," ""monetary easing""              "
"1"," ""monetary policy stimulus""     "
"1","
"
"1","[7]"
"1"," ""ease monetary policy""         "
"1"," ""interest rate cut""            "
"1"," ""bring down interest rates""    "
"1","
"
"1","
"
"1","$Tightening_monetary_policy
"
"1","[1]"
"1"," ""monetary tightening""          "
"1"," ""restrictive monetary policy""  "
"1"," ""tighten monetary policy""      "
"1","
"
"1","[4]"
"1"," ""control monetary aggregate""   "
"1"," ""tighten monetary conditions""  "
"1"," ""tightening of interest rate""  "
"1","
"
"1","[7]"
"1"," ""increase interest rate""       "
"1"," ""tightening of monetary policy"""
"1"," ""increase in interest rates""   "
"1","
"
"1","
"
"1","$Severe_recession
"
"1"," [1]"
"1"," ""severe economic crisis""                 "
"1"," ""very difficult economic circumstances""  "
"1","
"
"1"," [3]"
"1"," ""Severe recession""                       "
"1"," ""severe crisis""                          "
"1","
"
"1"," [5]"
"1"," ""economic crisis""                        "
"1"," ""steep recession""                        "
"1","
"
"1"," [7]"
"1"," ""strong recessionary headwinds""          "
"1"," ""sharp slowdown""                         "
"1","
"
"1"," [9]"
"1"," ""sharp declines in output""               "
"1"," ""significant loss of output""             "
"1","
"
"1","[11]"
"1"," ""economic collapse""                      "
"1"," ""deeper recession""                       "
"1","
"
"1","[13]"
"1"," ""deepening recession""                    "
"1"," ""painful recession""                      "
"1","
"
"1","[15]"
"1"," ""prolonged recession""                    "
"1"," ""lengthening recession""                  "
"1","
"
"1","[17]"
"1"," ""severity of the recession""              "
"1"," ""economic recession""                     "
"1","
"
"1","[19]"
"1"," ""sharp contraction of economic activity"" "
"1"," ""strong contraction of economic activity"""
"1","
"
"1","[21]"
"1"," ""large contraction of economic activity"" "
"1"," ""deep recession""                         "
"1","
"
"1","[23]"
"1"," ""large economic slowdown""                "
"1"," ""severe recession""                       "
"1","
"
"1","[25]"
"1"," ""profond recession""                      "
"1"," ""contraction in output""                  "
"1","
"
"1","[27]"
"1"," ""deep recession""                         "
"1"," ""severe contraction""                     "
"1","
"
"1","[29]"
"1"," ""deep contraction""                       "
"1"," ""profond contraction""                    "
"1","
"
"1","[31]"
"1"," ""large decline in income per capita""     "
"1"," ""deep economic downturn""                 "
"1","
"
"1","[33]"
"1"," ""severe economic downturn""               "
"1"," ""deep economic downturn""                 "
"1","
"
"1","
"
"1","$Soft_recession
"
"1"," [1]"
"1"," ""slowdown in the economic activity""     "
"1"," ""slowdown in economic growth""           "
"1","
"
"1"," [3]"
"1"," ""slowdown of the economy""               "
"1"," ""slowdown of output""                    "
"1","
"
"1"," [5]"
"1"," ""economic decline""                      "
"1"," ""activity remains weak""                 "
"1","
"
"1"," [7]"
"1"," ""the economy slowed down""               "
"1"," ""declining trend in economic activity""  "
"1","
"
"1"," [9]"
"1"," ""decline in economic activity""          "
"1"," ""slowing down of business activity""     "
"1","
"
"1","[11]"
"1"," ""slow down""                             "
"1"," ""low rates of economic growth""          "
"1","
"
"1","[13]"
"1"," ""low rate of economic growth""           "
"1"," ""economic activity on a downward trend"" "
"1","
"
"1","[15]"
"1"," ""depressed level of economic activity""  "
"1"," ""the economic situation worsen""         "
"1","
"
"1","[17]"
"1"," ""slowing the pace of economic recovery"" "
"1"," ""decline in economic activity""          "
"1","
"
"1","[19]"
"1"," ""weakening of economic fundamental""     "
"1"," ""recession""                             "
"1","
"
"1","[21]"
"1"," ""contraction of output""                 "
"1"," ""sluggish recovery""                     "
"1","
"
"1","[23]"
"1"," ""contraction of economic activity""      "
"1"," ""economic downturn""                     "
"1","
"
"1","[25]"
"1"," ""output is estimated to have contracted"""
"1"," ""slowdown in the economic activity""     "
"1","
"
"1","[27]"
"1"," ""slowdown of output""                    "
"1"," ""slow economic activity""                "
"1","
"
"1","
"
"1","$Expansion
"
"1"," [1]"
"1"," ""exceptionally high rate of economic growth"""
"1"," ""very strong fundamentals""                  "
"1","
"
"1"," [3]"
"1"," ""high rate of economic growth""              "
"1"," ""economic activity remains robust""          "
"1","
"
"1"," [5]"
"1"," ""strong economic growth""                    "
"1"," ""economy performed well""                    "
"1","
"
"1"," [7]"
"1"," ""economic recovery""                         "
"1"," ""output was growing""                        "
"1","
"
"1"," [9]"
"1"," ""economic expansion""                        "
"1"," ""economic activity accelerated""             "
"1","
"
"1","[11]"
"1"," ""GDP increasing""                            "
"1"," ""acceleration in economic activity""         "
"1","
"
"1","[13]"
"1"," ""exceeded potential""                        "
"1"," ""recovery of economic activity""             "
"1","
"
"1","[15]"
"1"," ""overheating""                               "
"1"," ""achievement of macroeconomic stability""    "
"1","
"
"1","[17]"
"1"," ""expansion of economic activity""            "
"1"," ""strong economic activity""                  "
"1","
"
"1","[19]"
"1"," ""overheating of domestic demand""            "
"1"," ""favorable economic developments""           "
"1","
"
"1","[21]"
"1"," ""overheating of the economy""                "
"1"," ""domestic demand expansion""                 "
"1","
"
"1","[23]"
"1"," ""The economy continued to perform strongly"" "
"1"," ""strong economic performance""               "
"1","
"
"1","
"
"1","$Fiscal_outcomes
"
"1"," [1]"
"1"," ""large debt servicing burden""                 "
"1"," ""large debt service obligation""               "
"1","
"
"1"," [3]"
"1"," ""large borrowing needs""                       "
"1"," ""public finance were adversely affected""      "
"1","
"
"1"," [5]"
"1"," ""high debt service""                           "
"1"," ""severe fiscal imbalances""                    "
"1","
"
"1"," [7]"
"1"," ""extremely difficult budgetary situation""     "
"1"," ""heavy debt service burden""                   "
"1","
"
"1"," [9]"
"1"," ""high external debt service payments""         "
"1"," ""stock of domestic debt increased""            "
"1","
"
"1","[11]"
"1"," ""weakening of the public finances""            "
"1"," ""borrowing increased substantially""           "
"1","
"
"1","[13]"
"1"," ""growing deficits""                            "
"1"," ""unsustainable public debt""                   "
"1","
"
"1","[15]"
"1"," ""unsustainable financial position""            "
"1"," ""unsustainable debt""                          "
"1","
"
"1","[17]"
"1"," ""stock of external debt increased""            "
"1"," ""budgetary imbalances""                        "
"1","
"
"1","[19]"
"1"," ""fragile fiscal framework""                    "
"1"," ""lack of financial ressources""                "
"1","
"
"1","[21]"
"1"," ""increase in interest payments""               "
"1"," ""servicing external debt""                     "
"1","
"
"1","[23]"
"1"," ""fiscal account vulnerable""                   "
"1"," ""difficult budgetary situation""               "
"1","
"
"1","[25]"
"1"," ""rising levels of government spendings""       "
"1"," ""indebtedness of the public sector""           "
"1","
"
"1","[27]"
"1"," ""large budgetary gap""                         "
"1"," ""adverse effect on government revenue""        "
"1","
"
"1","[29]"
"1"," ""weaken the fiscal position""                  "
"1"," ""decline in government revenues""              "
"1","
"
"1","[31]"
"1"," ""public sector position deteriorate""          "
"1"," ""high debt service""                           "
"1","
"
"1","[33]"
"1"," ""increase in government spending""             "
"1"," ""shortfall in expenditure""                    "
"1","
"
"1","[35]"
"1"," ""debt service obligations""                    "
"1"," ""shortfall of revenue""                        "
"1","
"
"1","[37]"
"1"," ""limit new borrowing""                         "
"1"," ""drop in revenue""                             "
"1","
"
"1","[39]"
"1"," ""expenditure restraint""                       "
"1"," ""debt service burden""                         "
"1","
"
"1","[41]"
"1"," ""a gap in financing""                          "
"1"," ""financing gap""                               "
"1","
"
"1","[43]"
"1"," ""weakened fiscal revenue""                     "
"1"," ""government deficit widened""                  "
"1","
"
"1","[45]"
"1"," ""accrued deficit""                             "
"1"," ""concerns about debt sustainability""          "
"1","
"
"1","[47]"
"1"," ""pressure on public finance""                  "
"1"," ""market concerns about debt sustainability""   "
"1","
"
"1","[49]"
"1"," ""fiscal instability""                          "
"1"," ""large external financing needs""              "
"1","
"
"1","[51]"
"1"," ""severe deterioration in the fiscal situation"""
"1"," ""short-term financing need""                   "
"1","
"
"1","[53]"
"1"," ""external debt""                               "
"1"," ""contingent fiscal liability""                 "
"1","
"
"1","[55]"
"1"," ""deficits""                                    "
"1"," ""policy stimulus""                             "
"1","
"
"1","[57]"
"1"," ""external sovereign bond buybacks""            "
"1","
"
"1","
"
"1","$Fiscal_consolidation
"
"1"," [1]"
"1"," ""overall deficit of the public sector is to be reduced"""
"1","
"
"1"," [2]"
"1"," ""Maintaining tight financialpolicies""                  "
"1","
"
"1"," [3]"
"1"," ""fiscal consolidation""                                 "
"1","
"
"1"," [4]"
"1"," ""fiscal adjustment effort""                             "
"1","
"
"1"," [5]"
"1"," ""tightening of fiscal policy""                          "
"1","
"
"1"," [6]"
"1"," ""reduction in public debt""                             "
"1","
"
"1"," [7]"
"1"," ""reduce public sector deficit""                         "
"1","
"
"1"," [8]"
"1"," ""containing expenditures""                              "
"1","
"
"1"," [9]"
"1"," ""strengthening annual fiscal targets""                  "
"1","
"
"1","[10]"
"1"," ""reduce substantially the budgetary deficit""           "
"1","
"
"1","[11]"
"1"," ""contain the rise in expenditure""                      "
"1","
"
"1","[12]"
"1"," ""substantial adjustments with respect to the budget""   "
"1","
"
"1","[13]"
"1"," ""freeze wages""                                         "
"1","
"
"1","[14]"
"1"," ""fiscal restraint""                                     "
"1","
"
"1","[15]"
"1"," ""wage moderation""                                      "
"1","
"
"1","[16]"
"1"," ""rationalization of public sector expenditure""         "
"1","
"
"1","[17]"
"1"," ""improve the financial position""                       "
"1","
"
"1","[18]"
"1"," ""control over noninterest expenditures""                "
"1","
"
"1","[19]"
"1"," ""nonpriority expenditure""                              "
"1","
"
"1","[20]"
"1"," ""long term financial strength""                         "
"1","
"
"1","[21]"
"1"," ""expenditure discipline""                               "
"1","
"
"1","[22]"
"1"," ""tax collection effort""                                "
"1","
"
"1","[23]"
"1"," ""reduce operational deficits""                          "
"1","
"
"1","[24]"
"1"," ""consolidate pulbic sector revenue""                    "
"1","
"
"1","[25]"
"1"," ""fiscal performance""                                   "
"1","
"
"1","[26]"
"1"," ""reduction of the deficit""                             "
"1","
"
"1","[27]"
"1"," ""actions on the public finance""                        "
"1","
"
"1","[28]"
"1"," ""measures in the fiscal field""                         "
"1","
"
"1","[29]"
"1"," ""fiscal performance criteria""                          "
"1","
"
"1","[30]"
"1"," ""revenue measures""                                     "
"1","
"
"1","[31]"
"1"," ""expenditure cuts""                                     "
"1","
"
"1","[32]"
"1"," ""limiting borrowing""                                   "
"1","
"
"1","[33]"
"1"," ""performance criteria in the fiscal area""              "
"1","
"
"1","[34]"
"1"," ""cash budget deficit""                                  "
"1","
"
"1","[35]"
"1"," ""limit budget deficits""                                "
"1","
"
"1","[36]"
"1"," ""cutting the overall central government deficit""       "
"1","
"
"1","[37]"
"1"," ""consolidation of the fiscal position""                 "
"1","
"
"1","[38]"
"1"," ""strengthening of the fiscal position""                 "
"1","
"
"1","[39]"
"1"," ""strengthening of the financial position""              "
"1","
"
"1","[40]"
"1"," ""intend to improve budgetary performances""             "
"1","
"
"1","[41]"
"1"," ""achieving a current budgetary surplus""                "
"1","
"
"1","[42]"
"1"," ""fiscal action""                                        "
"1","
"
"1","[43]"
"1"," ""limit public sector borrowing requirement""            "
"1","
"
"1","[44]"
"1"," ""fiscal discipline""                                    "
"1","
"
"1","[45]"
"1"," ""fiscal restraint""                                     "
"1","
"
"1","[46]"
"1"," ""fiscal targets""                                       "
"1","
"
"1","[47]"
"1"," ""fiscal reform""                                        "
"1","
"
"1","[48]"
"1"," ""fiscal measures""                                      "
"1","
"
"1","[49]"
"1"," ""fiscal discipline""                                    "
"1","
"
"1","[50]"
"1"," ""fiscal objectives""                                    "
"1","
"
"1","[51]"
"1"," ""fiscal adjustement""                                   "
"1","
"
"1","[52]"
"1"," ""fiscal tightening""                                    "
"1","
"
"1","[53]"
"1"," ""reduce the deficit""                                   "
"1","
"
"1","[54]"
"1"," ""asjustement effort""                                   "
"1","
"
"1","[55]"
"1"," ""fiscal adjustment""                                    "
"1","
"
"1","[56]"
"1"," ""bolster the public finance""                           "
"1","
"
"1","[57]"
"1"," ""redress their fiscal imbalances""                      "
"1","
"
"1","[58]"
"1"," ""tightening fiscal policy""                             "
"1","
"
"1","[59]"
"1"," ""reduction in the overall deficit""                     "
"1","
"
"1","[60]"
"1"," ""tax reform package""                                   "
"1","
"
"1","[61]"
"1"," ""tight wage policy""                                    "
"1","
"
"1","[62]"
"1"," ""controlling expenditure""                              "
"1","
"
"1","[63]"
"1"," ""reduce sharply the overall deficit""                   "
"1","
"
"1","[64]"
"1"," ""reduce sharply the deficit""                           "
"1","
"
"1","[65]"
"1"," ""fiscal policy""                                        "
"1","
"
"1","[66]"
"1"," ""spending controls""                                    "
"1","
"
"1","[67]"
"1"," ""measures to increase budgetary revenue""               "
"1","
"
"1","[68]"
"1"," ""limit the rise in government outlays""                 "
"1","
"
"1","[69]"
"1"," ""limit the budgetary""                                  "
"1","
"
"1","[70]"
"1"," ""cutback in expenditures""                              "
"1","
"
"1","[71]"
"1"," ""revenues measures""                                    "
"1","
"
"1","[72]"
"1"," ""toward budgetary equilibrium""                         "
"1","
"
"1","[73]"
"1"," ""limits on the borrowing requirement""                  "
"1","
"
"1","[74]"
"1"," ""ceilings on external public""                          "
"1","
"
"1","[75]"
"1"," ""substantial adjustment""                               "
"1","
"
"1","[76]"
"1"," ""restrained domestic financial policies""               "
"1","
"
"1","[77]"
"1"," ""fiscal outcome may fall short of the target""          "
"1","
"
"1","[78]"
"1"," ""balance in the finances of the public sector""         "
"1","
"
"1","[79]"
"1"," ""tight fiscal stance""                                  "
"1","
"
"1","[80]"
"1"," ""firm control over public finance""                     "
"1","
"
"1","[81]"
"1"," ""fiscal adjustment""                                    "
"1","
"
"1","[82]"
"1"," ""package of fiscal measures""                           "
"1","
"
"1","[83]"
"1"," ""additional fiscal measures""                           "
"1","
"
"1","[84]"
"1"," ""primary fiscal balance""                               "
"1","
"
"1","[85]"
"1"," ""monitoring of the fiscal performance""                 "
"1","
"
"1","
"
"1","$Concessional_lending
"
"1","[1]"
"1"," ""concessional terms"""
"1","
"
"1","
"
"1","$Short_term_debt
"
"1"," [1]"
"1"," ""short term borrowing""                     "
"1"," ""short-term maturities""                    "
"1","
"
"1"," [3]"
"1"," ""short term public debt""                   "
"1"," ""short term external financing""            "
"1","
"
"1"," [5]"
"1"," ""short maturity""                           "
"1"," ""short maturities""                         "
"1","
"
"1"," [7]"
"1"," ""debt maturing in less than 12 months""     "
"1"," ""shortening of public debt maturity""       "
"1","
"
"1"," [9]"
"1"," ""shortening of the average maturity""       "
"1"," ""securities due within less than 12 months"""
"1","
"
"1","[11]"
"1"," ""short term component of the external debt"""
"1"," ""maturity shortening""                      "
"1","
"
"1","
"
"1","$floating_rate_debt
"
"1","[1]"
"1"," ""floating rate securities"""
"1"," ""floating rate notes""     "
"1","
"
"1","
"
"1","$foreign_debt
"
"1"," [1]"
"1"," ""de facto dollarization""              "
"1"," ""denominated in foreign currency""     "
"1","
"
"1"," [3]"
"1"," ""currency mismatch""                   "
"1"," ""denominated in U.S. dollar""          "
"1","
"
"1"," [5]"
"1"," ""denominated in US dollar""            "
"1"," ""foreign exchange-linked bonds""       "
"1","
"
"1"," [7]"
"1"," ""foreign exchange linked bonds""       "
"1"," ""debt indexed to the dollar""          "
"1","
"
"1"," [9]"
"1"," ""debt denominated in foreign exchange"""
"1"," ""foreign exchange index debt""         "
"1","
"
"1","[11]"
"1"," ""denominated in foreign exchange""     "
"1","
"
"1","
"
"1","$Sovereign_default
"
"1"," [1]"
"1"," ""rescheduled debt""                           "
"1"," ""external payments crisis""                   "
"1","
"
"1"," [3]"
"1"," ""difficulties in servicing its external debt"""
"1"," ""difficult time in rolling over its debt""    "
"1","
"
"1"," [5]"
"1"," ""rescheduling of external debt""              "
"1"," ""rescheduling agreement""                     "
"1","
"
"1"," [7]"
"1"," ""suspend service payments""                   "
"1"," ""fiscal crisis""                              "
"1","
"
"1"," [9]"
"1"," ""debt relief""                                "
"1"," ""failure to roll over debt""                  "
"1","
"
"1","[11]"
"1"," ""government bonds crisis""                    "
"1"," ""government bonds crisis""                    "
"1","
"
"1","[13]"
"1"," ""bond crisis""                                "
"1"," ""debt reprofiling""                           "
"1","
"
"1","[15]"
"1"," ""sovereign debt crisis""                      "
"1"," ""public debt crisis""                         "
"1","
"
"1","[17]"
"1"," ""default risks""                              "
"1"," ""self fulfilling crises""                     "
"1","
"
"1","[19]"
"1"," ""debt restructuring program""                 "
"1"," ""governement default""                        "
"1","
"
"1","[21]"
"1"," ""restructuring of debt""                      "
"1"," ""suspension of payments""                     "
"1","
"
"1","[23]"
"1"," ""debt swap""                                  "
"1"," ""debt restructuring""                         "
"1","
"
"1","[25]"
"1"," ""debt rescheduling""                          "
"1"," ""debt service reduction""                     "
"1","
"
"1","[27]"
"1"," ""debt restructuring program""                 "
"1"," ""rescheduling of the debt""                   "
"1","
"
"1","[29]"
"1"," ""arrears""                                    "
"1"," ""rescheduling of arrears""                    "
"1","
"
"1","[31]"
"1"," ""arrears in the payment""                     "
"1"," ""restructuring of its external debt""         "
"1","
"
"1","[33]"
"1"," ""restructuring agreements""                   "
"1"," ""external payment arrears""                   "
"1","
"
"1","[35]"
"1"," ""debt service reduction""                     "
"1"," ""no debt service payments""                   "
"1","
"
"1","[37]"
"1"," ""relation with external creditors""           "
"1"," ""Paris Club""                                 "
"1","
"
"1","[39]"
"1"," ""Club of Paris""                              "
"1"," ""debt relief""                                "
"1","
"
"1","[41]"
"1"," ""debt exchange""                              "
"1","
"
"1","
"
"1","$Track_record
"
"1","[1]"
"1"," ""impeccable record of payments to the fund under previous facilities"""
"1","
"
"1","[2]"
"1"," ""sound policies""                                                     "
"1","
"
"1","[3]"
"1"," ""solid policy framework""                                             "
"1","
"
"1","[4]"
"1"," ""strong repurchase track record""                                     "
"1","
"
"1","[5]"
"1"," ""sustained track records""                                            "
"1","
"
"1","[6]"
"1"," ""high level of credibility in the institutional framework""           "
"1","
"
"1","[7]"
"1"," ""high level of policy credibility""                                   "
"1","
"
"1","[8]"
"1"," ""solid track record""                                                 "
"1","
"
"1","
"
"1","$Problematic_documents
"
"1"," [1]"
"1"," ""minutes of executive board meeting""                "
"1","
"
"1"," [2]"
"1"," ""minutes of executive board minutes""                "
"1","
"
"1"," [3]"
"1"," ""executive board attendance""                        "
"1","
"
"1"," [4]"
"1"," ""this is a working paper""                           "
"1","
"
"1"," [5]"
"1"," ""(?<!\\(.{4})working paper""                         "
"1","
"
"1"," [6]"
"1"," ""a working paper of the international monetary fund"""
"1","
"
"1"," [7]"
"1"," ""draft issues paper""                                "
"1","
"
"1"," [8]"
"1"," ""background paper""                                  "
"1","
"
"1"," [9]"
"1"," ""provides background to the paper""                  "
"1","
"
"1","[10]"
"1"," ""attached paper provides background information""    "
"1","
"
"1","[11]"
"1"," ""individual economy assessments""                    "
"1","
"
"1","
"
